text,author_name,author_username,timestamp,relative_time,tweet_url,replies,reposts,likes,views,team_name
"('Stunning from Divine Mukasa against Villarreal in the #UYL ',)",Manchester City,@ManCity,2025-10-22T18:00:19.000Z,2h,https://x.com/ManCity/status/1981058046244901138,34,89,904,40K,ManCity
"('An unstoppable header! \n@BernardoCSilva\n ',)",Manchester City,@ManCity,2025-10-22T17:20:00.000Z,2h,https://x.com/ManCity/status/1981047900701389088,31,83,885,32K,ManCity
"('Another game, another goal! \n@ErlingHaaland\n ',)",Manchester City,@ManCity,2025-10-22T17:10:00.000Z,2h,https://x.com/ManCity/status/1981045384651714923,43,138,1.3K,35K,ManCity
"('Loud and proud as always! ',)",Manchester City,@ManCity,2025-10-21T21:46:32.000Z,22h,https://x.com/ManCity/status/1980752587453350349,70,793,7.4K,280K,ManCity
"(""A good night's work "",)",Manchester City,@ManCity,2025-10-21T21:23:02.000Z,22h,https://x.com/ManCity/status/1980746673673388196,55,499,7.9K,92K,ManCity
"('',)",Manchester City,@ManCity,2025-10-21T21:16:16.000Z,22h,https://x.com/ManCity/status/1980744970664354209,121,1.4K,30K,270K,ManCity
"('Welcome back, \n@OmarMarmoush\n ',)",Manchester City,@ManCity,2025-10-21T21:10:48.000Z,22h,https://x.com/ManCity/status/1980743597906440690,103,986,27K,223K,ManCity
"('Three points secured! \n\nListen to full-time reaction from our Matchday Live team ',)",Manchester City,@ManCity,2025-10-21T20:53:14.000Z,23h,https://x.com/ManCity/status/1980739174257807608,29,70,777,55K,ManCity
"(""A good night's work "",)",Manchester City,@ManCity,2025-10-21T21:23:02.000Z,22h,https://x.com/ManCity/status/1980746673673388196,55,499,7.9K,92K,ManCity
"('',)",Manchester City,@ManCity,2025-10-21T21:16:16.000Z,22h,https://x.com/ManCity/status/1980744970664354209,121,1.4K,30K,270K,ManCity
"('Welcome back, \n@OmarMarmoush\n ',)",Manchester City,@ManCity,2025-10-21T21:10:48.000Z,22h,https://x.com/ManCity/status/1980743597906440690,103,986,27K,223K,ManCity
"('Three points secured! \n\nListen to full-time reaction from our Matchday Live team ',)",Manchester City,@ManCity,2025-10-21T20:53:14.000Z,23h,https://x.com/ManCity/status/1980739174257807608,29,70,777,55K,ManCity
"(""A good night's work "",)",Manchester City,@ManCity,2025-10-21T21:23:02.000Z,22h,https://x.com/ManCity/status/1980746673673388196,55,499,7.9K,92K,ManCity
"('',)",Manchester City,@ManCity,2025-10-21T21:16:16.000Z,22h,https://x.com/ManCity/status/1980744970664354209,121,1.4K,30K,270K,ManCity
"('Welcome back, \n@OmarMarmoush\n ',)",Manchester City,@ManCity,2025-10-21T21:10:48.000Z,22h,https://x.com/ManCity/status/1980743597906440690,103,986,27K,223K,ManCity
"('Three points secured! \n\nListen to full-time reaction from our Matchday Live team ',)",Manchester City,@ManCity,2025-10-21T20:53:14.000Z,23h,https://x.com/ManCity/status/1980739174257807608,29,70,777,55K,ManCity
"(""A good night's work "",)",Manchester City,@ManCity,2025-10-21T21:23:02.000Z,22h,https://x.com/ManCity/status/1980746673673388196,55,499,7.9K,92K,ManCity
"('',)",Manchester City,@ManCity,2025-10-21T21:16:16.000Z,22h,https://x.com/ManCity/status/1980744970664354209,121,1.4K,30K,270K,ManCity
"('Welcome back, \n@OmarMarmoush\n ',)",Manchester City,@ManCity,2025-10-21T21:10:48.000Z,22h,https://x.com/ManCity/status/1980743597906440690,103,986,27K,223K,ManCity
"('Three points secured! \n\nListen to full-time reaction from our Matchday Live team ',)",Manchester City,@ManCity,2025-10-21T20:53:14.000Z,23h,https://x.com/ManCity/status/1980739174257807608,29,70,777,55K,ManCity
"(""A good night's work "",)",Manchester City,@ManCity,2025-10-21T21:23:02.000Z,22h,https://x.com/ManCity/status/1980746673673388196,55,499,7.9K,92K,ManCity
"('',)",Manchester City,@ManCity,2025-10-21T21:16:16.000Z,22h,https://x.com/ManCity/status/1980744970664354209,121,1.4K,30K,270K,ManCity
"('Welcome back, \n@OmarMarmoush\n ',)",Manchester City,@ManCity,2025-10-21T21:10:48.000Z,22h,https://x.com/ManCity/status/1980743597906440690,103,986,27K,223K,ManCity
"('Three points secured! \n\nListen to full-time reaction from our Matchday Live team ',)",Manchester City,@ManCity,2025-10-21T20:53:14.000Z,23h,https://x.com/ManCity/status/1980739174257807608,29,70,777,55K,ManCity
"(""A good night's work "",)",Manchester City,@ManCity,2025-10-21T21:23:02.000Z,22h,https://x.com/ManCity/status/1980746673673388196,55,499,7.9K,92K,ManCity
"('',)",Manchester City,@ManCity,2025-10-21T21:16:16.000Z,22h,https://x.com/ManCity/status/1980744970664354209,121,1.4K,30K,270K,ManCity
"('Welcome back, \n@OmarMarmoush\n ',)",Manchester City,@ManCity,2025-10-21T21:10:48.000Z,22h,https://x.com/ManCity/status/1980743597906440690,103,986,27K,223K,ManCity
"('Three points secured! \n\nListen to full-time reaction from our Matchday Live team ',)",Manchester City,@ManCity,2025-10-21T20:53:14.000Z,23h,https://x.com/ManCity/status/1980739174257807608,29,70,777,55K,ManCity
"(""A good night's work "",)",Manchester City,@ManCity,2025-10-21T21:23:02.000Z,22h,https://x.com/ManCity/status/1980746673673388196,55,499,7.9K,92K,ManCity
"('',)",Manchester City,@ManCity,2025-10-21T21:16:16.000Z,22h,https://x.com/ManCity/status/1980744970664354209,121,1.4K,30K,270K,ManCity
"('Welcome back, \n@OmarMarmoush\n ',)",Manchester City,@ManCity,2025-10-21T21:10:48.000Z,22h,https://x.com/ManCity/status/1980743597906440690,103,986,27K,223K,ManCity
"('Three points secured! \n\nListen to full-time reaction from our Matchday Live team ',)",Manchester City,@ManCity,2025-10-21T20:53:14.000Z,23h,https://x.com/ManCity/status/1980739174257807608,29,70,777,55K,ManCity
"(""A good night's work "",)",Manchester City,@ManCity,2025-10-21T21:23:02.000Z,22h,https://x.com/ManCity/status/1980746673673388196,55,499,7.9K,92K,ManCity
"('',)",Manchester City,@ManCity,2025-10-21T21:16:16.000Z,22h,https://x.com/ManCity/status/1980744970664354209,121,1.4K,30K,270K,ManCity
"('Welcome back, \n@OmarMarmoush\n ',)",Manchester City,@ManCity,2025-10-21T21:10:48.000Z,22h,https://x.com/ManCity/status/1980743597906440690,103,986,27K,223K,ManCity
"('Three points secured! \n\nListen to full-time reaction from our Matchday Live team ',)",Manchester City,@ManCity,2025-10-21T20:53:14.000Z,23h,https://x.com/ManCity/status/1980739174257807608,29,70,777,55K,ManCity
"(""A good night's work "",)",Manchester City,@ManCity,2025-10-21T21:23:02.000Z,22h,https://x.com/ManCity/status/1980746673673388196,55,499,7.9K,92K,ManCity
"('',)",Manchester City,@ManCity,2025-10-21T21:16:16.000Z,22h,https://x.com/ManCity/status/1980744970664354209,121,1.4K,30K,270K,ManCity
"('Welcome back, \n@OmarMarmoush\n ',)",Manchester City,@ManCity,2025-10-21T21:10:48.000Z,22h,https://x.com/ManCity/status/1980743597906440690,103,986,27K,223K,ManCity
"('Three points secured! \n\nListen to full-time reaction from our Matchday Live team ',)",Manchester City,@ManCity,2025-10-21T20:53:14.000Z,23h,https://x.com/ManCity/status/1980739174257807608,29,70,777,55K,ManCity
"('Back home on Saturday ',)",Manchester United,@ManUtd,2025-10-22T07:09:05.000Z,13h,https://x.com/ManUtd/status/1980894160887353462,711,2.3K,18K,457K,ManUtd
"(""Another watch? Go on then! \n\nHarry's best late winners are now showing on YouTube "",)",Manchester United,@ManUtd,2025-10-22T15:56:00.000Z,4h,https://x.com/ManUtd/status/1981026761266925838,87,388,4K,164K,ManUtd
"('Everyone wants to get their hands on our away kit ',)",Manchester United,@ManUtd,2025-10-22T14:00:01.000Z,6h,https://x.com/ManUtd/status/1980997574120411313,250,1.9K,21K,370K,ManUtd
"(""This weekend, we are asking people to donate a coat for \n@MU_Foundation\n's appeal "",)",Manchester United,@ManUtd,2025-10-21T12:56:00.000Z,Oct 21,https://x.com/ManUtd/status/1980619074855158209,68,179,1.6K,113K,ManUtd
"('Two years on, we reflect on the life and legacy of our founder, \n@SirBobby\n — a footballing legend whose humility and humanity touched lives far beyond the pitch.\n\nHis legacy lives on in every life changed through the work he inspired.\n\nForever remembered. Forever missed',)",The Sir Bobby Charlton Foundation,@SBCFoundation,2025-10-21T09:13:06.000Z,Oct 21,https://x.com/SBCFoundation/status/1980562983194382370,19,163,1K,112K,ManUtd
"('Leaving it all out there ',)",Manchester United,@ManUtd,2025-10-21T11:00:01.000Z,Oct 21,https://x.com/ManUtd/status/1980589888798851488,150,872,8.9K,221K,ManUtd
"('All smiles in the gym ',)",Manchester United,@ManUtd,2025-10-21T10:10:00.000Z,Oct 21,https://x.com/ManUtd/status/1980577299662573699,,0,0,0,ManUtd
"('Kobs ',)",Manchester United,@ManUtd,2025-10-21T10:07:00.000Z,Oct 21,https://x.com/ManUtd/status/1980576544775925843,238,1.9K,38K,489K,ManUtd
"('Leaving it all out there ',)",Manchester United,@ManUtd,2025-10-21T11:00:01.000Z,Oct 21,https://x.com/ManUtd/status/1980589888798851488,150,872,8.9K,221K,ManUtd
"('All smiles in the gym ',)",Manchester United,@ManUtd,2025-10-21T10:10:00.000Z,Oct 21,https://x.com/ManUtd/status/1980577299662573699,,0,0,0,ManUtd
"('Kobs ',)",Manchester United,@ManUtd,2025-10-21T10:07:00.000Z,Oct 21,https://x.com/ManUtd/status/1980576544775925843,238,1.9K,38K,489K,ManUtd
"('Leaving it all out there ',)",Manchester United,@ManUtd,2025-10-21T11:00:01.000Z,Oct 21,https://x.com/ManUtd/status/1980589888798851488,150,872,8.9K,221K,ManUtd
"('All smiles in the gym ',)",Manchester United,@ManUtd,2025-10-21T10:10:00.000Z,Oct 21,https://x.com/ManUtd/status/1980577299662573699,,0,0,0,ManUtd
"('Kobs ',)",Manchester United,@ManUtd,2025-10-21T10:07:00.000Z,Oct 21,https://x.com/ManUtd/status/1980576544775925843,238,1.9K,38K,489K,ManUtd
"('Leaving it all out there ',)",Manchester United,@ManUtd,2025-10-21T11:00:01.000Z,Oct 21,https://x.com/ManUtd/status/1980589888798851488,150,872,8.9K,221K,ManUtd
"('All smiles in the gym ',)",Manchester United,@ManUtd,2025-10-21T10:10:00.000Z,Oct 21,https://x.com/ManUtd/status/1980577299662573699,,0,0,0,ManUtd
"('Kobs ',)",Manchester United,@ManUtd,2025-10-21T10:07:00.000Z,Oct 21,https://x.com/ManUtd/status/1980576544775925843,238,1.9K,38K,489K,ManUtd
"('Leaving it all out there ',)",Manchester United,@ManUtd,2025-10-21T11:00:01.000Z,Oct 21,https://x.com/ManUtd/status/1980589888798851488,150,872,8.9K,221K,ManUtd
"('All smiles in the gym ',)",Manchester United,@ManUtd,2025-10-21T10:10:00.000Z,Oct 21,https://x.com/ManUtd/status/1980577299662573699,,0,0,0,ManUtd
"('Kobs ',)",Manchester United,@ManUtd,2025-10-21T10:07:00.000Z,Oct 21,https://x.com/ManUtd/status/1980576544775925843,238,1.9K,38K,489K,ManUtd
"('Leaving it all out there ',)",Manchester United,@ManUtd,2025-10-21T11:00:01.000Z,Oct 21,https://x.com/ManUtd/status/1980589888798851488,150,872,8.9K,221K,ManUtd
"('All smiles in the gym ',)",Manchester United,@ManUtd,2025-10-21T10:10:00.000Z,Oct 21,https://x.com/ManUtd/status/1980577299662573699,,0,0,0,ManUtd
"('Kobs ',)",Manchester United,@ManUtd,2025-10-21T10:07:00.000Z,Oct 21,https://x.com/ManUtd/status/1980576544775925843,238,1.9K,38K,489K,ManUtd
"('Leaving it all out there ',)",Manchester United,@ManUtd,2025-10-21T11:00:01.000Z,Oct 21,https://x.com/ManUtd/status/1980589888798851488,150,872,8.9K,221K,ManUtd
"('All smiles in the gym ',)",Manchester United,@ManUtd,2025-10-21T10:10:00.000Z,Oct 21,https://x.com/ManUtd/status/1980577299662573699,,0,0,0,ManUtd
"('Kobs ',)",Manchester United,@ManUtd,2025-10-21T10:07:00.000Z,Oct 21,https://x.com/ManUtd/status/1980576544775925843,238,1.9K,38K,489K,ManUtd
"('Leaving it all out there ',)",Manchester United,@ManUtd,2025-10-21T11:00:01.000Z,Oct 21,https://x.com/ManUtd/status/1980589888798851488,150,872,8.9K,221K,ManUtd
"('All smiles in the gym ',)",Manchester United,@ManUtd,2025-10-21T10:10:00.000Z,Oct 21,https://x.com/ManUtd/status/1980577299662573699,,0,0,0,ManUtd
"('Kobs ',)",Manchester United,@ManUtd,2025-10-21T10:07:00.000Z,Oct 21,https://x.com/ManUtd/status/1980576544775925843,238,1.9K,38K,489K,ManUtd
"('Leaving it all out there ',)",Manchester United,@ManUtd,2025-10-21T11:00:01.000Z,Oct 21,https://x.com/ManUtd/status/1980589888798851488,150,872,8.9K,221K,ManUtd
"('All smiles in the gym ',)",Manchester United,@ManUtd,2025-10-21T10:10:00.000Z,Oct 21,https://x.com/ManUtd/status/1980577299662573699,,0,0,0,ManUtd
"('Kobs ',)",Manchester United,@ManUtd,2025-10-21T10:07:00.000Z,Oct 21,https://x.com/ManUtd/status/1980576544775925843,238,1.9K,38K,489K,ManUtd
"('AN EMPHATIC CHAMPIONS LEAGUE WIN ',)",Arsenal,@Arsenal,2025-10-21T20:51:12.000Z,23h,https://x.com/Arsenal/status/1980738661927747600,1.6K,19K,72K,1.7M,Arsenal
"('Atmosphere \n\nPhotos in collaboration with Josh Upton ',)",Arsenal,@Arsenal,2025-10-22T18:22:08.000Z,1h,https://x.com/Arsenal/status/1981063539973640540,56,387,3.3K,67K,Arsenal
Error retrieving tweet,Arsenal,@Arsenal,2025-10-22T18:22:10.000Z,1h,https://x.com/Arsenal/status/1981063547812815141,5,37,400,46K,Arsenal
Error retrieving tweet,Arsenal,@Arsenal,2025-10-22T18:22:12.000Z,1h,https://x.com/Arsenal/status/1981063554846642547,9,40,377,45K,Arsenal
"('Our innovator. Our invincible. \n\nHappy birthday, Arsene Wenger ',)",Arsenal,@Arsenal,2025-10-22T09:00:59.000Z,11h,https://x.com/Arsenal/status/1980922320622678303,807,10K,50K,988K,Arsenal
"('Non-stop in N5 \n\nOur POTM as voted for by you: Viktor Gyokeres ',)",Arsenal,@Arsenal,2025-10-22T08:02:01.000Z,12h,https://x.com/Arsenal/status/1980907482286535038,141,1.3K,14K,167K,Arsenal
"('About last night ',)",Arsenal,@Arsenal,2025-10-22T07:01:00.000Z,13h,https://x.com/Arsenal/status/1980892124158783850,378,5.6K,30K,378K,Arsenal
"('A message from Viktor to you ',)",Arsenal,@Arsenal,2025-10-21T23:30:00.000Z,20h,https://x.com/Arsenal/status/1980778628012208552,180,2.2K,19K,243K,Arsenal
"('Our innovator. Our invincible. \n\nHappy birthday, Arsene Wenger ',)",Arsenal,@Arsenal,2025-10-22T09:00:59.000Z,11h,https://x.com/Arsenal/status/1980922320622678303,807,10K,50K,988K,Arsenal
"('Non-stop in N5 \n\nOur POTM as voted for by you: Viktor Gyokeres ',)",Arsenal,@Arsenal,2025-10-22T08:02:01.000Z,12h,https://x.com/Arsenal/status/1980907482286535038,141,1.3K,14K,167K,Arsenal
"('About last night ',)",Arsenal,@Arsenal,2025-10-22T07:01:00.000Z,13h,https://x.com/Arsenal/status/1980892124158783850,378,5.6K,30K,378K,Arsenal
"('A message from Viktor to you ',)",Arsenal,@Arsenal,2025-10-21T23:30:00.000Z,20h,https://x.com/Arsenal/status/1980778628012208552,180,2.2K,19K,243K,Arsenal
"('Our innovator. Our invincible. \n\nHappy birthday, Arsene Wenger ',)",Arsenal,@Arsenal,2025-10-22T09:00:59.000Z,11h,https://x.com/Arsenal/status/1980922320622678303,807,10K,50K,988K,Arsenal
"('Non-stop in N5 \n\nOur POTM as voted for by you: Viktor Gyokeres ',)",Arsenal,@Arsenal,2025-10-22T08:02:01.000Z,12h,https://x.com/Arsenal/status/1980907482286535038,141,1.3K,14K,167K,Arsenal
"('About last night ',)",Arsenal,@Arsenal,2025-10-22T07:01:00.000Z,13h,https://x.com/Arsenal/status/1980892124158783850,378,5.6K,30K,378K,Arsenal
"('A message from Viktor to you ',)",Arsenal,@Arsenal,2025-10-21T23:30:00.000Z,20h,https://x.com/Arsenal/status/1980778628012208552,180,2.2K,19K,243K,Arsenal
"('Our innovator. Our invincible. \n\nHappy birthday, Arsene Wenger ',)",Arsenal,@Arsenal,2025-10-22T09:00:59.000Z,11h,https://x.com/Arsenal/status/1980922320622678303,807,10K,50K,988K,Arsenal
"('Non-stop in N5 \n\nOur POTM as voted for by you: Viktor Gyokeres ',)",Arsenal,@Arsenal,2025-10-22T08:02:01.000Z,12h,https://x.com/Arsenal/status/1980907482286535038,141,1.3K,14K,167K,Arsenal
"('About last night ',)",Arsenal,@Arsenal,2025-10-22T07:01:00.000Z,13h,https://x.com/Arsenal/status/1980892124158783850,378,5.6K,30K,378K,Arsenal
"('A message from Viktor to you ',)",Arsenal,@Arsenal,2025-10-21T23:30:00.000Z,20h,https://x.com/Arsenal/status/1980778628012208552,180,2.2K,19K,243K,Arsenal
"('Our innovator. Our invincible. \n\nHappy birthday, Arsene Wenger ',)",Arsenal,@Arsenal,2025-10-22T09:00:59.000Z,11h,https://x.com/Arsenal/status/1980922320622678303,807,10K,50K,988K,Arsenal
"('Non-stop in N5 \n\nOur POTM as voted for by you: Viktor Gyokeres ',)",Arsenal,@Arsenal,2025-10-22T08:02:01.000Z,12h,https://x.com/Arsenal/status/1980907482286535038,141,1.3K,14K,167K,Arsenal
"('About last night ',)",Arsenal,@Arsenal,2025-10-22T07:01:00.000Z,13h,https://x.com/Arsenal/status/1980892124158783850,378,5.6K,30K,378K,Arsenal
"('A message from Viktor to you ',)",Arsenal,@Arsenal,2025-10-21T23:30:00.000Z,20h,https://x.com/Arsenal/status/1980778628012208552,180,2.2K,19K,243K,Arsenal
"('Our innovator. Our invincible. \n\nHappy birthday, Arsene Wenger ',)",Arsenal,@Arsenal,2025-10-22T09:00:59.000Z,11h,https://x.com/Arsenal/status/1980922320622678303,807,10K,50K,988K,Arsenal
"('Non-stop in N5 \n\nOur POTM as voted for by you: Viktor Gyokeres ',)",Arsenal,@Arsenal,2025-10-22T08:02:01.000Z,12h,https://x.com/Arsenal/status/1980907482286535038,141,1.3K,14K,167K,Arsenal
"('About last night ',)",Arsenal,@Arsenal,2025-10-22T07:01:00.000Z,13h,https://x.com/Arsenal/status/1980892124158783850,378,5.6K,30K,378K,Arsenal
"('A message from Viktor to you ',)",Arsenal,@Arsenal,2025-10-21T23:30:00.000Z,20h,https://x.com/Arsenal/status/1980778628012208552,180,2.2K,19K,243K,Arsenal
"('Our innovator. Our invincible. \n\nHappy birthday, Arsene Wenger ',)",Arsenal,@Arsenal,2025-10-22T09:00:59.000Z,11h,https://x.com/Arsenal/status/1980922320622678303,807,10K,50K,988K,Arsenal
"('Non-stop in N5 \n\nOur POTM as voted for by you: Viktor Gyokeres ',)",Arsenal,@Arsenal,2025-10-22T08:02:01.000Z,12h,https://x.com/Arsenal/status/1980907482286535038,141,1.3K,14K,167K,Arsenal
"('About last night ',)",Arsenal,@Arsenal,2025-10-22T07:01:00.000Z,13h,https://x.com/Arsenal/status/1980892124158783850,378,5.6K,30K,378K,Arsenal
"('A message from Viktor to you ',)",Arsenal,@Arsenal,2025-10-21T23:30:00.000Z,20h,https://x.com/Arsenal/status/1980778628012208552,180,2.2K,19K,243K,Arsenal
"('Our innovator. Our invincible. \n\nHappy birthday, Arsene Wenger ',)",Arsenal,@Arsenal,2025-10-22T09:00:59.000Z,11h,https://x.com/Arsenal/status/1980922320622678303,807,10K,50K,988K,Arsenal
"('Non-stop in N5 \n\nOur POTM as voted for by you: Viktor Gyokeres ',)",Arsenal,@Arsenal,2025-10-22T08:02:01.000Z,12h,https://x.com/Arsenal/status/1980907482286535038,141,1.3K,14K,167K,Arsenal
"('About last night ',)",Arsenal,@Arsenal,2025-10-22T07:01:00.000Z,13h,https://x.com/Arsenal/status/1980892124158783850,378,5.6K,30K,378K,Arsenal
"('A message from Viktor to you ',)",Arsenal,@Arsenal,2025-10-21T23:30:00.000Z,20h,https://x.com/Arsenal/status/1980778628012208552,180,2.2K,19K,243K,Arsenal
"('Our innovator. Our invincible. \n\nHappy birthday, Arsene Wenger ',)",Arsenal,@Arsenal,2025-10-22T09:00:59.000Z,11h,https://x.com/Arsenal/status/1980922320622678303,807,10K,50K,988K,Arsenal
"('Non-stop in N5 \n\nOur POTM as voted for by you: Viktor Gyokeres ',)",Arsenal,@Arsenal,2025-10-22T08:02:01.000Z,12h,https://x.com/Arsenal/status/1980907482286535038,141,1.3K,14K,167K,Arsenal
"('About last night ',)",Arsenal,@Arsenal,2025-10-22T07:01:00.000Z,13h,https://x.com/Arsenal/status/1980892124158783850,378,5.6K,30K,378K,Arsenal
"('A message from Viktor to you ',)",Arsenal,@Arsenal,2025-10-21T23:30:00.000Z,20h,https://x.com/Arsenal/status/1980778628012208552,180,2.2K,19K,243K,Arsenal
"('Back to work. \n\n 4-1  [46] #CFC | #UCL',)",Chelsea FC,@ChelseaFC,2025-10-22T20:09:59.000Z,1m,https://x.com/ChelseaFC/status/1981090681050615917,55,40,361,3.5K,ChelseaFC
"('Four goals in the first-half! \n\n#CFC | #UCL',)",Chelsea FC,@ChelseaFC,2025-10-22T19:52:34.000Z,18m,https://x.com/ChelseaFC/status/1981086295335092478,523,1.5K,7.5K,120K,ChelseaFC
"('Estevao steps up... and scores! \n\n 4-1  [45] #CFC | #UCL',)",Chelsea FC,@ChelseaFC,2025-10-22T19:52:05.000Z,19m,https://x.com/ChelseaFC/status/1981086172806815774,359,995,7.2K,123K,ChelseaFC
"('Pumped! \n\n#CFC | #UCL',)",Chelsea FC,@ChelseaFC,2025-10-22T18:57:40.000Z,1h,https://x.com/ChelseaFC/status/1981072479440248985,58,245,2.8K,62K,ChelseaFC
"('Living his dream.  \n\nCongratulations to our captain on reaching a huge milestone in his Chelsea career. ',)",Chelsea FC,@ChelseaFC,2025-10-22T18:56:20.000Z,1h,https://x.com/ChelseaFC/status/1981072143388725388,209,2.9K,19K,176K,ChelseaFC
"('Ready for kick-off. \n\n#CFC | #UCL',)",Chelsea FC,@ChelseaFC,2025-10-22T18:50:21.000Z,1h,https://x.com/ChelseaFC/status/1981070640825455029,103,322,3.3K,70K,ChelseaFC
"('The Blues are here! \n\n#CFC | #UCL',)",Chelsea FC,@ChelseaFC,2025-10-22T18:04:24.000Z,2h,https://x.com/ChelseaFC/status/1981059074369159604,165,946,7.8K,146K,ChelseaFC
"('Our new Principal Partner for 25/26. \n\n#CFC | #UCL',)",Chelsea FC,@ChelseaFC,2025-10-22T18:01:42.000Z,2h,https://x.com/ChelseaFC/status/1981058395340722377,125,613,6.6K,157K,ChelseaFC
"('Living his dream.  \n\nCongratulations to our captain on reaching a huge milestone in his Chelsea career. ',)",Chelsea FC,@ChelseaFC,2025-10-22T18:56:20.000Z,1h,https://x.com/ChelseaFC/status/1981072143388725388,209,2.9K,19K,176K,ChelseaFC
"('Ready for kick-off. \n\n#CFC | #UCL',)",Chelsea FC,@ChelseaFC,2025-10-22T18:50:21.000Z,1h,https://x.com/ChelseaFC/status/1981070640825455029,103,322,3.3K,70K,ChelseaFC
"('The Blues are here! \n\n#CFC | #UCL',)",Chelsea FC,@ChelseaFC,2025-10-22T18:04:24.000Z,2h,https://x.com/ChelseaFC/status/1981059074369159604,165,946,7.8K,146K,ChelseaFC
"('Our new Principal Partner for 25/26. \n\n#CFC | #UCL',)",Chelsea FC,@ChelseaFC,2025-10-22T18:01:42.000Z,2h,https://x.com/ChelseaFC/status/1981058395340722377,125,613,6.6K,157K,ChelseaFC
"('Living his dream.  \n\nCongratulations to our captain on reaching a huge milestone in his Chelsea career. ',)",Chelsea FC,@ChelseaFC,2025-10-22T18:56:20.000Z,1h,https://x.com/ChelseaFC/status/1981072143388725388,209,2.9K,19K,176K,ChelseaFC
"('Ready for kick-off. \n\n#CFC | #UCL',)",Chelsea FC,@ChelseaFC,2025-10-22T18:50:21.000Z,1h,https://x.com/ChelseaFC/status/1981070640825455029,103,322,3.3K,70K,ChelseaFC
"('The Blues are here! \n\n#CFC | #UCL',)",Chelsea FC,@ChelseaFC,2025-10-22T18:04:24.000Z,2h,https://x.com/ChelseaFC/status/1981059074369159604,165,946,7.8K,146K,ChelseaFC
"('Our new Principal Partner for 25/26. \n\n#CFC | #UCL',)",Chelsea FC,@ChelseaFC,2025-10-22T18:01:42.000Z,2h,https://x.com/ChelseaFC/status/1981058395340722377,125,613,6.6K,157K,ChelseaFC
"('Living his dream.  \n\nCongratulations to our captain on reaching a huge milestone in his Chelsea career. ',)",Chelsea FC,@ChelseaFC,2025-10-22T18:56:20.000Z,1h,https://x.com/ChelseaFC/status/1981072143388725388,209,2.9K,19K,176K,ChelseaFC
"('Ready for kick-off. \n\n#CFC | #UCL',)",Chelsea FC,@ChelseaFC,2025-10-22T18:50:21.000Z,1h,https://x.com/ChelseaFC/status/1981070640825455029,103,322,3.3K,70K,ChelseaFC
"('The Blues are here! \n\n#CFC | #UCL',)",Chelsea FC,@ChelseaFC,2025-10-22T18:04:24.000Z,2h,https://x.com/ChelseaFC/status/1981059074369159604,165,946,7.8K,146K,ChelseaFC
"('Our new Principal Partner for 25/26. \n\n#CFC | #UCL',)",Chelsea FC,@ChelseaFC,2025-10-22T18:01:42.000Z,2h,https://x.com/ChelseaFC/status/1981058395340722377,125,613,6.6K,157K,ChelseaFC
"('Living his dream.  \n\nCongratulations to our captain on reaching a huge milestone in his Chelsea career. ',)",Chelsea FC,@ChelseaFC,2025-10-22T18:56:20.000Z,1h,https://x.com/ChelseaFC/status/1981072143388725388,209,2.9K,19K,176K,ChelseaFC
"('Ready for kick-off. \n\n#CFC | #UCL',)",Chelsea FC,@ChelseaFC,2025-10-22T18:50:21.000Z,1h,https://x.com/ChelseaFC/status/1981070640825455029,103,322,3.3K,70K,ChelseaFC
"('The Blues are here! \n\n#CFC | #UCL',)",Chelsea FC,@ChelseaFC,2025-10-22T18:04:24.000Z,2h,https://x.com/ChelseaFC/status/1981059074369159604,165,946,7.8K,146K,ChelseaFC
"('Our new Principal Partner for 25/26. \n\n#CFC | #UCL',)",Chelsea FC,@ChelseaFC,2025-10-22T18:01:42.000Z,2h,https://x.com/ChelseaFC/status/1981058395340722377,125,613,6.6K,157K,ChelseaFC
"('Living his dream.  \n\nCongratulations to our captain on reaching a huge milestone in his Chelsea career. ',)",Chelsea FC,@ChelseaFC,2025-10-22T18:56:20.000Z,1h,https://x.com/ChelseaFC/status/1981072143388725388,209,2.9K,19K,176K,ChelseaFC
"('Ready for kick-off. \n\n#CFC | #UCL',)",Chelsea FC,@ChelseaFC,2025-10-22T18:50:21.000Z,1h,https://x.com/ChelseaFC/status/1981070640825455029,103,322,3.3K,70K,ChelseaFC
"('The Blues are here! \n\n#CFC | #UCL',)",Chelsea FC,@ChelseaFC,2025-10-22T18:04:24.000Z,2h,https://x.com/ChelseaFC/status/1981059074369159604,165,946,7.8K,146K,ChelseaFC
"('Our new Principal Partner for 25/26. \n\n#CFC | #UCL',)",Chelsea FC,@ChelseaFC,2025-10-22T18:01:42.000Z,2h,https://x.com/ChelseaFC/status/1981058395340722377,125,613,6.6K,157K,ChelseaFC
"('Living his dream.  \n\nCongratulations to our captain on reaching a huge milestone in his Chelsea career. ',)",Chelsea FC,@ChelseaFC,2025-10-22T18:56:20.000Z,1h,https://x.com/ChelseaFC/status/1981072143388725388,209,2.9K,19K,176K,ChelseaFC
"('Ready for kick-off. \n\n#CFC | #UCL',)",Chelsea FC,@ChelseaFC,2025-10-22T18:50:21.000Z,1h,https://x.com/ChelseaFC/status/1981070640825455029,103,322,3.3K,70K,ChelseaFC
"('The Blues are here! \n\n#CFC | #UCL',)",Chelsea FC,@ChelseaFC,2025-10-22T18:04:24.000Z,2h,https://x.com/ChelseaFC/status/1981059074369159604,165,946,7.8K,146K,ChelseaFC
"('Our new Principal Partner for 25/26. \n\n#CFC | #UCL',)",Chelsea FC,@ChelseaFC,2025-10-22T18:01:42.000Z,2h,https://x.com/ChelseaFC/status/1981058395340722377,125,613,6.6K,157K,ChelseaFC
"('Living his dream.  \n\nCongratulations to our captain on reaching a huge milestone in his Chelsea career. ',)",Chelsea FC,@ChelseaFC,2025-10-22T18:56:20.000Z,1h,https://x.com/ChelseaFC/status/1981072143388725388,209,2.9K,19K,176K,ChelseaFC
"('Ready for kick-off. \n\n#CFC | #UCL',)",Chelsea FC,@ChelseaFC,2025-10-22T18:50:21.000Z,1h,https://x.com/ChelseaFC/status/1981070640825455029,103,322,3.3K,70K,ChelseaFC
"('The Blues are here! \n\n#CFC | #UCL',)",Chelsea FC,@ChelseaFC,2025-10-22T18:04:24.000Z,2h,https://x.com/ChelseaFC/status/1981059074369159604,165,946,7.8K,146K,ChelseaFC
"('Our new Principal Partner for 25/26. \n\n#CFC | #UCL',)",Chelsea FC,@ChelseaFC,2025-10-22T18:01:42.000Z,2h,https://x.com/ChelseaFC/status/1981058395340722377,125,613,6.6K,157K,ChelseaFC
"('Living his dream.  \n\nCongratulations to our captain on reaching a huge milestone in his Chelsea career. ',)",Chelsea FC,@ChelseaFC,2025-10-22T18:56:20.000Z,1h,https://x.com/ChelseaFC/status/1981072143388725388,209,2.9K,19K,176K,ChelseaFC
"('Ready for kick-off. \n\n#CFC | #UCL',)",Chelsea FC,@ChelseaFC,2025-10-22T18:50:21.000Z,1h,https://x.com/ChelseaFC/status/1981070640825455029,103,322,3.3K,70K,ChelseaFC
"('The Blues are here! \n\n#CFC | #UCL',)",Chelsea FC,@ChelseaFC,2025-10-22T18:04:24.000Z,2h,https://x.com/ChelseaFC/status/1981059074369159604,165,946,7.8K,146K,ChelseaFC
"('Our new Principal Partner for 25/26. \n\n#CFC | #UCL',)",Chelsea FC,@ChelseaFC,2025-10-22T18:01:42.000Z,2h,https://x.com/ChelseaFC/status/1981058395340722377,125,613,6.6K,157K,ChelseaFC
"('x',)",Liverpool FC,@LFC,2025-10-22T20:09:26.000Z,2m,https://x.com/LFC/status/1981090542478819363,34,102,852,16K,LFC
"('46’ - A change at the break as Chiesa comes on for Isak \n\n[1-3] #UCL',)",Liverpool FC,@LFC,2025-10-22T20:06:28.000Z,5m,https://x.com/LFC/status/1981089793510379872,110,138,632,44K,LFC
"('46’ - Back out for the second half \n\n[1-3] #UCL',)",Liverpool FC,@LFC,2025-10-22T20:05:47.000Z,6m,https://x.com/LFC/status/1981089621883941174,40,62,529,31K,LFC
"('Love it, Ibou ',)",Liverpool FC,@LFC,2025-10-22T20:03:17.000Z,8m,https://x.com/LFC/status/1981088993660850416,48,129,1.4K,45K,LFC
"(""35' - A brilliant run and finish from Ekitike after an excellent ball forward from Robertson \n\n[1-1] #UCL"",)",Liverpool FC,@LFC,2025-10-22T19:36:14.000Z,36m,https://x.com/LFC/status/1981082185487585537,156,405,4.3K,269K,LFC
"('HUGO FIRES US LEVEL!!!',)",Liverpool FC,@LFC,2025-10-22T19:35:09.000Z,37m,https://x.com/LFC/status/1981081913684090906,232,1.3K,6.5K,390K,LFC
"(""26' - Goal for Frankfurt. Rasmus Kristensen.\n\n[1-0] #UCL"",)",Liverpool FC,@LFC,2025-10-22T19:25:59.000Z,46m,https://x.com/LFC/status/1981079605327826954,954,585,2.5K,307K,LFC
"('19’ - We’re forced into an early change as Bradley replaces Frimpong \n\n[0-0] #UCL',)",Liverpool FC,@LFC,2025-10-22T19:19:09.000Z,53m,https://x.com/LFC/status/1981077887840104585,155,132,1.3K,166K,LFC
"('Come on you Reds ',)",Liverpool FC,@LFC,2025-10-22T19:06:09.000Z,1h,https://x.com/LFC/status/1981074616237117515,79,343,3.4K,127K,LFC
"('1’ - Up and running at Deutsche Bank Park \n\n[0-0] #UCL',)",Liverpool FC,@LFC,2025-10-22T19:00:22.000Z,1h,https://x.com/LFC/status/1981073161195307216,51,141,1.1K,102K,LFC
"('Ready to go ',)",Liverpool FC,@LFC,2025-10-22T18:56:00.000Z,1h,https://x.com/LFC/status/1981072059817218532,45,139,1.4K,74K,LFC
"(""26' - Goal for Frankfurt. Rasmus Kristensen.\n\n[1-0] #UCL"",)",Liverpool FC,@LFC,2025-10-22T19:25:59.000Z,46m,https://x.com/LFC/status/1981079605327826954,954,585,2.5K,307K,LFC
"('19’ - We’re forced into an early change as Bradley replaces Frimpong \n\n[0-0] #UCL',)",Liverpool FC,@LFC,2025-10-22T19:19:09.000Z,53m,https://x.com/LFC/status/1981077887840104585,155,132,1.3K,166K,LFC
"('Come on you Reds ',)",Liverpool FC,@LFC,2025-10-22T19:06:09.000Z,1h,https://x.com/LFC/status/1981074616237117515,79,343,3.4K,127K,LFC
"('1’ - Up and running at Deutsche Bank Park \n\n[0-0] #UCL',)",Liverpool FC,@LFC,2025-10-22T19:00:22.000Z,1h,https://x.com/LFC/status/1981073161195307216,51,141,1.1K,102K,LFC
"('Ready to go ',)",Liverpool FC,@LFC,2025-10-22T18:56:00.000Z,1h,https://x.com/LFC/status/1981072059817218532,45,139,1.4K,74K,LFC
"(""26' - Goal for Frankfurt. Rasmus Kristensen.\n\n[1-0] #UCL"",)",Liverpool FC,@LFC,2025-10-22T19:25:59.000Z,46m,https://x.com/LFC/status/1981079605327826954,954,585,2.5K,307K,LFC
"('19’ - We’re forced into an early change as Bradley replaces Frimpong \n\n[0-0] #UCL',)",Liverpool FC,@LFC,2025-10-22T19:19:09.000Z,53m,https://x.com/LFC/status/1981077887840104585,155,132,1.3K,166K,LFC
"('Come on you Reds ',)",Liverpool FC,@LFC,2025-10-22T19:06:09.000Z,1h,https://x.com/LFC/status/1981074616237117515,79,343,3.4K,127K,LFC
"('1’ - Up and running at Deutsche Bank Park \n\n[0-0] #UCL',)",Liverpool FC,@LFC,2025-10-22T19:00:22.000Z,1h,https://x.com/LFC/status/1981073161195307216,51,141,1.1K,102K,LFC
"('Ready to go ',)",Liverpool FC,@LFC,2025-10-22T18:56:00.000Z,1h,https://x.com/LFC/status/1981072059817218532,45,139,1.4K,74K,LFC
"(""26' - Goal for Frankfurt. Rasmus Kristensen.\n\n[1-0] #UCL"",)",Liverpool FC,@LFC,2025-10-22T19:25:59.000Z,46m,https://x.com/LFC/status/1981079605327826954,954,585,2.5K,307K,LFC
"('19’ - We’re forced into an early change as Bradley replaces Frimpong \n\n[0-0] #UCL',)",Liverpool FC,@LFC,2025-10-22T19:19:09.000Z,53m,https://x.com/LFC/status/1981077887840104585,155,132,1.3K,166K,LFC
"('Come on you Reds ',)",Liverpool FC,@LFC,2025-10-22T19:06:09.000Z,1h,https://x.com/LFC/status/1981074616237117515,79,343,3.4K,127K,LFC
"('1’ - Up and running at Deutsche Bank Park \n\n[0-0] #UCL',)",Liverpool FC,@LFC,2025-10-22T19:00:22.000Z,1h,https://x.com/LFC/status/1981073161195307216,51,141,1.1K,102K,LFC
"('Ready to go ',)",Liverpool FC,@LFC,2025-10-22T18:56:00.000Z,1h,https://x.com/LFC/status/1981072059817218532,45,139,1.4K,74K,LFC
"(""26' - Goal for Frankfurt. Rasmus Kristensen.\n\n[1-0] #UCL"",)",Liverpool FC,@LFC,2025-10-22T19:25:59.000Z,46m,https://x.com/LFC/status/1981079605327826954,954,585,2.5K,307K,LFC
"('19’ - We’re forced into an early change as Bradley replaces Frimpong \n\n[0-0] #UCL',)",Liverpool FC,@LFC,2025-10-22T19:19:09.000Z,53m,https://x.com/LFC/status/1981077887840104585,155,132,1.3K,166K,LFC
"('Come on you Reds ',)",Liverpool FC,@LFC,2025-10-22T19:06:09.000Z,1h,https://x.com/LFC/status/1981074616237117515,79,343,3.4K,127K,LFC
"('1’ - Up and running at Deutsche Bank Park \n\n[0-0] #UCL',)",Liverpool FC,@LFC,2025-10-22T19:00:22.000Z,1h,https://x.com/LFC/status/1981073161195307216,51,141,1.1K,102K,LFC
"('Ready to go ',)",Liverpool FC,@LFC,2025-10-22T18:56:00.000Z,1h,https://x.com/LFC/status/1981072059817218532,45,139,1.4K,74K,LFC
"(""26' - Goal for Frankfurt. Rasmus Kristensen.\n\n[1-0] #UCL"",)",Liverpool FC,@LFC,2025-10-22T19:25:59.000Z,46m,https://x.com/LFC/status/1981079605327826954,954,585,2.5K,307K,LFC
"('19’ - We’re forced into an early change as Bradley replaces Frimpong \n\n[0-0] #UCL',)",Liverpool FC,@LFC,2025-10-22T19:19:09.000Z,53m,https://x.com/LFC/status/1981077887840104585,155,132,1.3K,166K,LFC
"('Come on you Reds ',)",Liverpool FC,@LFC,2025-10-22T19:06:09.000Z,1h,https://x.com/LFC/status/1981074616237117515,79,343,3.4K,127K,LFC
"('1’ - Up and running at Deutsche Bank Park \n\n[0-0] #UCL',)",Liverpool FC,@LFC,2025-10-22T19:00:22.000Z,1h,https://x.com/LFC/status/1981073161195307216,51,141,1.1K,102K,LFC
"('Ready to go ',)",Liverpool FC,@LFC,2025-10-22T18:56:00.000Z,1h,https://x.com/LFC/status/1981072059817218532,45,139,1.4K,74K,LFC
"(""26' - Goal for Frankfurt. Rasmus Kristensen.\n\n[1-0] #UCL"",)",Liverpool FC,@LFC,2025-10-22T19:25:59.000Z,46m,https://x.com/LFC/status/1981079605327826954,954,585,2.5K,307K,LFC
"('19’ - We’re forced into an early change as Bradley replaces Frimpong \n\n[0-0] #UCL',)",Liverpool FC,@LFC,2025-10-22T19:19:09.000Z,53m,https://x.com/LFC/status/1981077887840104585,155,132,1.3K,166K,LFC
"('Come on you Reds ',)",Liverpool FC,@LFC,2025-10-22T19:06:09.000Z,1h,https://x.com/LFC/status/1981074616237117515,79,343,3.4K,127K,LFC
"('1’ - Up and running at Deutsche Bank Park \n\n[0-0] #UCL',)",Liverpool FC,@LFC,2025-10-22T19:00:22.000Z,1h,https://x.com/LFC/status/1981073161195307216,51,141,1.1K,102K,LFC
"('Ready to go ',)",Liverpool FC,@LFC,2025-10-22T18:56:00.000Z,1h,https://x.com/LFC/status/1981072059817218532,45,139,1.4K,74K,LFC
"(""26' - Goal for Frankfurt. Rasmus Kristensen.\n\n[1-0] #UCL"",)",Liverpool FC,@LFC,2025-10-22T19:25:59.000Z,46m,https://x.com/LFC/status/1981079605327826954,954,585,2.5K,307K,LFC
"('19’ - We’re forced into an early change as Bradley replaces Frimpong \n\n[0-0] #UCL',)",Liverpool FC,@LFC,2025-10-22T19:19:09.000Z,53m,https://x.com/LFC/status/1981077887840104585,155,132,1.3K,166K,LFC
"('Come on you Reds ',)",Liverpool FC,@LFC,2025-10-22T19:06:09.000Z,1h,https://x.com/LFC/status/1981074616237117515,79,343,3.4K,127K,LFC
"('1’ - Up and running at Deutsche Bank Park \n\n[0-0] #UCL',)",Liverpool FC,@LFC,2025-10-22T19:00:22.000Z,1h,https://x.com/LFC/status/1981073161195307216,51,141,1.1K,102K,LFC
"('Ready to go ',)",Liverpool FC,@LFC,2025-10-22T18:56:00.000Z,1h,https://x.com/LFC/status/1981072059817218532,45,139,1.4K,74K,LFC
"(""26' - Goal for Frankfurt. Rasmus Kristensen.\n\n[1-0] #UCL"",)",Liverpool FC,@LFC,2025-10-22T19:25:59.000Z,46m,https://x.com/LFC/status/1981079605327826954,954,585,2.5K,307K,LFC
"('19’ - We’re forced into an early change as Bradley replaces Frimpong \n\n[0-0] #UCL',)",Liverpool FC,@LFC,2025-10-22T19:19:09.000Z,53m,https://x.com/LFC/status/1981077887840104585,155,132,1.3K,166K,LFC
"('Come on you Reds ',)",Liverpool FC,@LFC,2025-10-22T19:06:09.000Z,1h,https://x.com/LFC/status/1981074616237117515,79,343,3.4K,127K,LFC
"('1’ - Up and running at Deutsche Bank Park \n\n[0-0] #UCL',)",Liverpool FC,@LFC,2025-10-22T19:00:22.000Z,1h,https://x.com/LFC/status/1981073161195307216,51,141,1.1K,102K,LFC
"('Ready to go ',)",Liverpool FC,@LFC,2025-10-22T18:56:00.000Z,1h,https://x.com/LFC/status/1981072059817218532,45,139,1.4K,74K,LFC
